Workbook

Sheet Scaled Feature Values
A1: KNN – Standardized Feature Values (Test Instance & Top 10 Neighbours)
B2: Instance | C2: Pregnancies | D2: Glucose | E2: BloodPressure | F2: SkinThickness | G2: Insulin | H2: BMI | I2: DiabetesPedigreeFunction | J2: Age | K2: True Label
A3: # | B3: TEST | C3: 0.6399 | D3: -0.7777 | E3: -1.1901 | F3: 0.443 | G3: 0.5714 | H3: 0.2248 | I3: -0.1265 | J3: 0.8304 | K3: Non-diabetic (0)
A4: 1 | B4: Train [226] | C4: 0.6399 | D4: -0.2188 | E4: -1.0246 | F4: 1.1259 | G4: -0.1815 | H4: 0.1812 | I4: -0.6852 | J4: 0.5751 | K4: Diabetic (1)
A5: 2 | B5: Train [521] | C5: 0.9369 | D5: -0.2517 | E5: -0.5283 | F5: -0.0123 | G5: -0.1815 | H5: 0.0502 | I5: -0.6459 | J5: 0.7453 | K5: Diabetic (1)
A6: 3 | B6: Train [403] | C6: 0.6399 | D6: -0.9749 | E6: -0.8592 | F6: 0.3292 | G6: -0.17 | H6: -0.0663 | I6: -1.1684 | J6: 1.0856 | K6: Non-diabetic (0)
A7: 4 | B7: Train [430] | C7: 0.343 | D7: -0.2847 | E7: -0.192 | F7: 0.2156 | G7: -0.1815 | H7: 0.1376 | I7: -0.4559 | J7: 0.5751 | K7: Diabetic (1)
A8: 5 | B8: Train [321] | C8: 0.6399 | D8: -0.4823 | E8: -0.692 | F8: 0.6696 | G8: 0.5714 | H8: 0.471 | I8: -0.3553 | J8: 0.5751 | K8: Diabetic (1)
A9: 6 | B9: Train [90] | C9: 0.6399 | D9: -0.4823 | E9: -0.3556 | F9: 0.443 | G9: 0.5714 | H9: 0.6581 | I9: -0.8754 | J9: 0.43 | K9: Non-diabetic (0)
A10: 7 | B10: Train [18] | C10: 0.343 | D10: -0.613 | E10: -0.3556 | F10: 0.5563 | G10: -0.207 | H10: 0.3565 | I10: -0.8037 | J10: 0.5751 | K10: Diabetic (1)
A11: 8 | B11: Train [213] | C11: 0.6399 | D11: -0.3516 | E11: -0.5283 | F11: 0.6696 | G11: -0.1815 | H11: 0.4284 | I11: -0.2546 | J11: 1.0856 | K11: Non-diabetic (0)
A12: 9 | B12: Train [260] | C12: 0.6399 | D12: -0.9091 | E12: -1.1901 | F12: 0.443 | G12: 0.5714 | H12: 0.3565 | I12: -0.5841 | J12: 0.7453 | K12: Non-diabetic (0)
A13: 10 | B13: Train [412] | C13: 0.6399 | D13: -0.5152 | E13: -0.5283 | F13: 0.443 | G13: -0.056 | H13: 0.094 | I13: -0.5841 | J13: 1.0856 | K13: Diabetic (1)

Sheet Step-by-Step Computation
A1: Manual Euclidean Distance Computation – Step by Step
A2: Test Instance: Pregnancies=0.6399 Glucose=−0.7777 BloodPressure=−1.1901 SkinThickness=0.4430 Insulin=0.5714 BMI=0.2248 DiabPedigree=−0.1265 Age=0.8304
A3: Neighbour | B3: Feature | C3: Test (pᵢ) | D3: Train (qᵢ) | E3: pᵢ − qᵢ | F3: (pᵢ − qᵢ)²
A4: #1 Train[226] | B4: Pregnancies | C4: ='Scaled Feature Values'!C3 -> 0.6399 | D4: ='Scaled Feature Values'!C4 -> 0.6399 | E4: =C4-D4 -> 0 | F4: =E4^2 -> 0
B5: Glucose | C5: ='Scaled Feature Values'!D3 -> -0.7777 | D5: ='Scaled Feature Values'!D4 -> -0.2188 | E5: =C5-D5 -> -0.5589 | F5: =E5^2 -> 0.31236921
B6: BloodPressure | C6: ='Scaled Feature Values'!E3 -> -1.1901 | D6: ='Scaled Feature Values'!E4 -> -1.0246 | E6: =C6-D6 -> -0.1655 | F6: =E6^2 -> 0.02739025
B7: SkinThickness | C7: ='Scaled Feature Values'!F3 -> 0.443 | D7: ='Scaled Feature Values'!F4 -> 1.1259 | E7: =C7-D7 -> -0.6829 | F7: =E7^2 -> 0.46635241
B8: Insulin | C8: ='Scaled Feature Values'!G3 -> 0.5714 | D8: ='Scaled Feature Values'!G4 -> -0.1815 | E8: =C8-D8 -> 0.7529 | F8: =E8^2 -> 0.56685841
B9: BMI | C9: ='Scaled Feature Values'!H3 -> 0.2248 | D9: ='Scaled Feature Values'!H4 -> 0.1812 | E9: =C9-D9 -> 0.0436 | F9: =E9^2 -> 0.00190096
B10: DiabetesPedigreeFunction | C10: ='Scaled Feature Values'!I3 -> -0.1265 | D10: ='Scaled Feature Values'!I4 -> -0.6852 | E10: =C10-D10 -> 0.5587 | F10: =E10^2 -> 0.31214569
B11: Age | C11: ='Scaled Feature Values'!J3 -> 0.8304 | D11: ='Scaled Feature Values'!J4 -> 0.5751 | E11: =C11-D11 -> 0.2553 | F11: =E11^2 -> 0.06517809
A12: Sum of Squared Differences → | F12: =SUM(F4:F11) -> 1.752195
A13: d = √(sum) → Euclidean Distance to #1 Train[226] | F13: =SQRT(F12) -> 1.323705
A15: #2 Train[521] | B15: Pregnancies | C15: ='Scaled Feature Values'!C3 -> 0.6399 | D15: ='Scaled Feature Values'!C5 -> 0.9369 | E15: =C15-D15 -> -0.297 | F15: =E15^2 -> 0.088209
B16: Glucose | C16: ='Scaled Feature Values'!D3 -> -0.7777 | D16: ='Scaled Feature Values'!D5 -> -0.2517 | E16: =C16-D16 -> -0.526 | F16: =E16^2 -> 0.276676
B17: BloodPressure | C17: ='Scaled Feature Values'!E3 -> -1.1901 | D17: ='Scaled Feature Values'!E5 -> -0.5283 | E17: =C17-D17 -> -0.6618 | F17: =E17^2 -> 0.43797924
B18: SkinThickness | C18: ='Scaled Feature Values'!F3 -> 0.443 | D18: ='Scaled Feature Values'!F5 -> -0.0123 | E18: =C18-D18 -> 0.4553 | F18: =E18^2 -> 0.20729809
B19: Insulin | C19: ='Scaled Feature Values'!G3 -> 0.5714 | D19: ='Scaled Feature Values'!G5 -> -0.1815 | E19: =C19-D19 -> 0.7529 | F19: =E19^2 -> 0.56685841
B20: BMI | C20: ='Scaled Feature Values'!H3 -> 0.2248 | D20: ='Scaled Feature Values'!H5 -> 0.0502 | E20: =C20-D20 -> 0.1746 | F20: =E20^2 -> 0.03048516
B21: DiabetesPedigreeFunction | C21: ='Scaled Feature Values'!I3 -> -0.1265 | D21: ='Scaled Feature Values'!I5 -> -0.6459 | E21: =C21-D21 -> 0.5194 | F21: =E21^2 -> 0.26977636
B22: Age | C22: ='Scaled Feature Values'!J3 -> 0.8304 | D22: ='Scaled Feature Values'!J5 -> 0.7453 | E22: =C22-D22 -> 0.0851 | F22: =E22^2 -> 0.00724201
A23: Sum of Squared Differences → | F23: =SUM(F15:F22) -> 1.8845243
A24: d = √(sum) → Euclidean Distance to #2 Train[521] | F24: =SQRT(F23) -> 1.3727798
A26: #3 Train[403] | B26: Pregnancies | C26: ='Scaled Feature Values'!C3 -> 0.6399 | D26: ='Scaled Feature Values'!C6 -> 0.6399 | E26: =C26-D26 -> 0 | F26: =E26^2 -> 0
B27: Glucose | C27: ='Scaled Feature Values'!D3 -> -0.7777 | D27: ='Scaled Feature Values'!D6 -> -0.9749 | E27: =C27-D27 -> 0.1972 | F27: =E27^2 -> 0.03888784
B28: BloodPressure | C28: ='Scaled Feature Values'!E3 -> -1.1901 | D28: ='Scaled Feature Values'!E6 -> -0.8592 | E28: =C28-D28 -> -0.3309 | F28: =E28^2 -> 0.10949481
B29: SkinThickness | C29: ='Scaled Feature Values'!F3 -> 0.443 | D29: ='Scaled Feature Values'!F6 -> 0.3292 | E29: =C29-D29 -> 0.1138 | F29: =E29^2 -> 0.01295044
B30: Insulin | C30: ='Scaled Feature Values'!G3 -> 0.5714 | D30: ='Scaled Feature Values'!G6 -> -0.17 | E30: =C30-D30 -> 0.7414 | F30: =E30^2 -> 0.54967396
B31: BMI | C31: ='Scaled Feature Values'!H3 -> 0.2248 | D31: ='Scaled Feature Values'!H6 -> -0.0663 | E31: =C31-D31 -> 0.2911 | F31: =E31^2 -> 0.08473921
B32: DiabetesPedigreeFunction | C32: ='Scaled Feature Values'!I3 -> -0.1265 | D32: ='Scaled Feature Values'!I6 -> -1.1684 | E32: =C32-D32 -> 1.0419 | F32: =E32^2 -> 1.0855556
B33: Age | C33: ='Scaled Feature Values'!J3 -> 0.8304 | D33: ='Scaled Feature Values'!J6 -> 1.0856 | E33: =C33-D33 -> -0.2552 | F33: =E33^2 -> 0.06512704
A34: Sum of Squared Differences → | F34: =SUM(F26:F33) -> 1.9464289
A35: d = √(sum) → Euclidean Distance to #3 Train[403] | F35: =SQRT(F34) -> 1.3951448
A37: #4 Train[430] | B37: Pregnancies | C37: ='Scaled Feature Values'!C3 -> 0.6399 | D37: ='Scaled Feature Values'!C7 -> 0.343 | E37: =C37-D37 -> 0.2969 | F37: =E37^2 -> 0.08814961
B38: Glucose | C38: ='Scaled Feature Values'!D3 -> -0.7777 | D38: ='Scaled Feature Values'!D7 -> -0.2847 | E38: =C38-D38 -> -0.493 | F38: =E38^2 -> 0.243049
B39: BloodPressure | C39: ='Scaled Feature Values'!E3 -> -1.1901 | D39: ='Scaled Feature Values'!E7 -> -0.192 | E39: =C39-D39 -> -0.9981 | F39: =E39^2 -> 0.99620361
B40: SkinThickness | C40: ='Scaled Feature Values'!F3 -> 0.443 | D40: ='Scaled Feature Values'!F7 -> 0.2156 | E40: =C40-D40 -> 0.2274 | F40: =E40^2 -> 0.05171076
B41: Insulin | C41: ='Scaled Feature Values'!G3 -> 0.5714 | D41: ='Scaled Feature Values'!G7 -> -0.1815 | E41: =C41-D41 -> 0.7529 | F41: =E41^2 -> 0.56685841
B42: BMI | C42: ='Scaled Feature Values'!H3 -> 0.2248 | D42: ='Scaled Feature Values'!H7 -> 0.1376 | E42: =C42-D42 -> 0.0872 | F42: =E42^2 -> 0.00760384
B43: DiabetesPedigreeFunction | C43: ='Scaled Feature Values'!I3 -> -0.1265 | D43: ='Scaled Feature Values'!I7 -> -0.4559 | E43: =C43-D43 -> 0.3294 | F43: =E43^2 -> 0.10850436
B44: Age | C44: ='Scaled Feature Values'!J3 -> 0.8304 | D44: ='Scaled Feature Values'!J7 -> 0.5751 | E44: =C44-D44 -> 0.2553 | F44: =E44^2 -> 0.06517809
A45: Sum of Squared Differences → | F45: =SUM(F37:F44) -> 2.1272577
A46: d = √(sum) → Euclidean Distance to #4 Train[430] | F46: =SQRT(F45) -> 1.4585121
A48: #5 Train[321] | B48: Pregnancies | C48: ='Scaled Feature Values'!C3 -> 0.6399 | D48: ='Scaled Feature Values'!C8 -> 0.6399 | E48: =C48-D48 -> 0 | F48: =E48^2 -> 0
B49: Glucose | C49: ='Scaled Feature Values'!D3 -> -0.7777 | D49: ='Scaled Feature Values'!D8 -> -0.4823 | E49: =C49-D49 -> -0.2954 | F49: =E49^2 -> 0.08726116
B50: BloodPressure | C50: ='Scaled Feature Values'!E3 -> -1.1901 | D50: ='Scaled Feature Values'!E8 -> -0.692 | E50: =C50-D50 -> -0.4981 | F50: =E50^2 -> 0.24810361
B51: SkinThickness | C51: ='Scaled Feature Values'!F3 -> 0.443 | D51: ='Scaled Feature Values'!F8 -> 0.6696 | E51: =C51-D51 -> -0.2266 | F51: =E51^2 -> 0.05134756
B52: Insulin | C52: ='Scaled Feature Values'!G3 -> 0.5714 | D52: ='Scaled Feature Values'!G8 -> 0.5714 | E52: =C52-D52 -> 0 | F52: =E52^2 -> 0
B53: BMI | C53: ='Scaled Feature Values'!H3 -> 0.2248 | D53: ='Scaled Feature Values'!H8 -> 0.471 | E53: =C53-D53 -> -0.2462 | F53: =E53^2 -> 0.06061444
B54: DiabetesPedigreeFunction | C54: ='Scaled Feature Values'!I3 -> -0.1265 | D54: ='Scaled Feature Values'!I8 -> -0.3553 | E54: =C54-D54 -> 0.2288 | F54: =E54^2 -> 0.05234944
B55: Age | C55: ='Scaled Feature Values'!J3 -> 0.8304 | D55: ='Scaled Feature Values'!J8 -> 0.5751 | E55: =C55-D55 -> 0.2553 | F55: =E55^2 -> 0.06517809
A56: Sum of Squared Differences → | F56: =SUM(F48:F55) -> 0.5648543
A57: d = √(sum) → Euclidean Distance to #5 Train[321] | F57: =SQRT(F56) -> 0.75156789
A59: #6 Train[90] | B59: Pregnancies | C59: ='Scaled Feature Values'!C3 -> 0.6399 | D59: ='Scaled Feature Values'!C9 -> 0.6399 | E59: =C59-D59 -> 0 | F59: =E59^2 -> 0
B60: Glucose | C60: ='Scaled Feature Values'!D3 -> -0.7777 | D60: ='Scaled Feature Values'!D9 -> -0.4823 | E60: =C60-D60 -> -0.2954 | F60: =E60^2 -> 0.08726116
B61: BloodPressure | C61: ='Scaled Feature Values'!E3 -> -1.1901 | D61: ='Scaled Feature Values'!E9 -> -0.3556 | E61: =C61-D61 -> -0.8345 | F61: =E61^2 -> 0.69639025
B62: SkinThickness | C62: ='Scaled Feature Values'!F3 -> 0.443 | D62: ='Scaled Feature Values'!F9 -> 0.443 | E62: =C62-D62 -> 0 | F62: =E62^2 -> 0
B63: Insulin | C63: ='Scaled Feature Values'!G3 -> 0.5714 | D63: ='Scaled Feature Values'!G9 -> 0.5714 | E63: =C63-D63 -> 0 | F63: =E63^2 -> 0
B64: BMI | C64: ='Scaled Feature Values'!H3 -> 0.2248 | D64: ='Scaled Feature Values'!H9 -> 0.6581 | E64: =C64-D64 -> -0.4333 | F64: =E64^2 -> 0.18774889
B65: DiabetesPedigreeFunction | C65: ='Scaled Feature Values'!I3 -> -0.1265 | D65: ='Scaled Feature Values'!I9 -> -0.8754 | E65: =C65-D65 -> 0.7489 | F65: =E65^2 -> 0.56085121
B66: Age | C66: ='Scaled Feature Values'!J3 -> 0.8304 | D66: ='Scaled Feature Values'!J9 -> 0.43 | E66: =C66-D66 -> 0.4004 | F66: =E66^2 -> 0.16032016
A67: Sum of Squared Differences → | F67: =SUM(F59:F66) -> 1.6925717
A68: d = √(sum) → Euclidean Distance to #6 Train[90] | F68: =SQRT(F67) -> 1.3009887
A70: #7 Train[18] | B70: Pregnancies | C70: ='Scaled Feature Values'!C3 -> 0.6399 | D70: ='Scaled Feature Values'!C10 -> 0.343 | E70: =C70-D70 -> 0.2969 | F70: =E70^2 -> 0.08814961
B71: Glucose | C71: ='Scaled Feature Values'!D3 -> -0.7777 | D71: ='Scaled Feature Values'!D10 -> -0.613 | E71: =C71-D71 -> -0.1647 | F71: =E71^2 -> 0.02712609
B72: BloodPressure | C72: ='Scaled Feature Values'!E3 -> -1.1901 | D72: ='Scaled Feature Values'!E10 -> -0.3556 | E72: =C72-D72 -> -0.8345 | F72: =E72^2 -> 0.69639025
B73: SkinThickness | C73: ='Scaled Feature Values'!F3 -> 0.443 | D73: ='Scaled Feature Values'!F10 -> 0.5563 | E73: =C73-D73 -> -0.1133 | F73: =E73^2 -> 0.01283689
B74: Insulin | C74: ='Scaled Feature Values'!G3 -> 0.5714 | D74: ='Scaled Feature Values'!G10 -> -0.207 | E74: =C74-D74 -> 0.7784 | F74: =E74^2 -> 0.60590656
B75: BMI | C75: ='Scaled Feature Values'!H3 -> 0.2248 | D75: ='Scaled Feature Values'!H10 -> 0.3565 | E75: =C75-D75 -> -0.1317 | F75: =E75^2 -> 0.01734489
B76: DiabetesPedigreeFunction | C76: ='Scaled Feature Values'!I3 -> -0.1265 | D76: ='Scaled Feature Values'!I10 -> -0.8037 | E76: =C76-D76 -> 0.6772 | F76: =E76^2 -> 0.45859984
B77: Age | C77: ='Scaled Feature Values'!J3 -> 0.8304 | D77: ='Scaled Feature Values'!J10 -> 0.5751 | E77: =C77-D77 -> 0.2553 | F77: =E77^2 -> 0.06517809
A78: Sum of Squared Differences → | F78: =SUM(F70:F77) -> 1.9715322
A79: d = √(sum) → Euclidean Distance to #7 Train[18] | F79: =SQRT(F78) -> 1.4041126
A81: #8 Train[213] | B81: Pregnancies | C81: ='Scaled Feature Values'!C3 -> 0.6399 | D81: ='Scaled Feature Values'!C11 -> 0.6399 | E81: =C81-D81 -> 0 | F81: =E81^2 -> 0
B82: Glucose | C82: ='Scaled Feature Values'!D3 -> -0.7777 | D82: ='Scaled Feature Values'!D11 -> -0.3516 | E82: =C82-D82 -> -0.4261 | F82: =E82^2 -> 0.18156121
B83: BloodPressure | C83: ='Scaled Feature Values'!E3 -> -1.1901 | D83: ='Scaled Feature Values'!E11 -> -0.5283 | E83: =C83-D83 -> -0.6618 | F83: =E83^2 -> 0.43797924
B84: SkinThickness | C84: ='Scaled Feature Values'!F3 -> 0.443 | D84: ='Scaled Feature Values'!F11 -> 0.6696 | E84: =C84-D84 -> -0.2266 | F84: =E84^2 -> 0.05134756
B85: Insulin | C85: ='Scaled Feature Values'!G3 -> 0.5714 | D85: ='Scaled Feature Values'!G11 -> -0.1815 | E85: =C85-D85 -> 0.7529 | F85: =E85^2 -> 0.56685841
B86: BMI | C86: ='Scaled Feature Values'!H3 -> 0.2248 | D86: ='Scaled Feature Values'!H11 -> 0.4284 | E86: =C86-D86 -> -0.2036 | F86: =E86^2 -> 0.04145296
B87: DiabetesPedigreeFunction | C87: ='Scaled Feature Values'!I3 -> -0.1265 | D87: ='Scaled Feature Values'!I11 -> -0.2546 | E87: =C87-D87 -> 0.1281 | F87: =E87^2 -> 0.01640961
B88: Age | C88: ='Scaled Feature Values'!J3 -> 0.8304 | D88: ='Scaled Feature Values'!J11 -> 1.0856 | E88: =C88-D88 -> -0.2552 | F88: =E88^2 -> 0.06512704
A89: Sum of Squared Differences → | F89: =SUM(F81:F88) -> 1.360736
A90: d = √(sum) → Euclidean Distance to #8 Train[213] | F90: =SQRT(F89) -> 1.1665059
A92: #9 Train[260] | B92: Pregnancies | C92: ='Scaled Feature Values'!C3 -> 0.6399 | D92: ='Scaled Feature Values'!C12 -> 0.6399 | E92: =C92-D92 -> 0 | F92: =E92^2 -> 0
B93: Glucose | C93: ='Scaled Feature Values'!D3 -> -0.7777 | D93: ='Scaled Feature Values'!D12 -> -0.9091 | E93: =C93-D93 -> 0.1314 | F93: =E93^2 -> 0.01726596
B94: BloodPressure | C94: ='Scaled Feature Values'!E3 -> -1.1901 | D94: ='Scaled Feature Values'!E12 -> -1.1901 | E94: =C94-D94 -> 0 | F94: =E94^2 -> 0
B95: SkinThickness | C95: ='Scaled Feature Values'!F3 -> 0.443 | D95: ='Scaled Feature Values'!F12 -> 0.443 | E95: =C95-D95 -> 0 | F95: =E95^2 -> 0
B96: Insulin | C96: ='Scaled Feature Values'!G3 -> 0.5714 | D96: ='Scaled Feature Values'!G12 -> 0.5714 | E96: =C96-D96 -> 0 | F96: =E96^2 -> 0
B97: BMI | C97: ='Scaled Feature Values'!H3 -> 0.2248 | D97: ='Scaled Feature Values'!H12 -> 0.3565 | E97: =C97-D97 -> -0.1317 | F97: =E97^2 -> 0.01734489
B98: DiabetesPedigreeFunction | C98: ='Scaled Feature Values'!I3 -> -0.1265 | D98: ='Scaled Feature Values'!I12 -> -0.5841 | E98: =C98-D98 -> 0.4576 | F98: =E98^2 -> 0.20939776
B99: Age | C99: ='Scaled Feature Values'!J3 -> 0.8304 | D99: ='Scaled Feature Values'!J12 -> 0.7453 | E99: =C99-D99 -> 0.0851 | F99: =E99^2 -> 0.00724201
A100: Sum of Squared Differences → | F100: =SUM(F92:F99) -> 0.25125062
A101: d = √(sum) → Euclidean Distance to #9 Train[260] | F101: =SQRT(F100) -> 0.50124906
A103: #10 Train[412] | B103: Pregnancies | C103: ='Scaled Feature Values'!C3 -> 0.6399 | D103: ='Scaled Feature Values'!C13 -> 0.6399 | E103: =C103-D103 -> 0 | F103: =E103^2 -> 0
B104: Glucose | C104: ='Scaled Feature Values'!D3 -> -0.7777 | D104: ='Scaled Feature Values'!D13 -> -0.5152 | E104: =C104-D104 -> -0.2625 | F104: =E104^2 -> 0.06890625
B105: BloodPressure | C105: ='Scaled Feature Values'!E3 -> -1.1901 | D105: ='Scaled Feature Values'!E13 -> -0.5283 | E105: =C105-D105 -> -0.6618 | F105: =E105^2 -> 0.43797924
B106: SkinThickness | C106: ='Scaled Feature Values'!F3 -> 0.443 | D106: ='Scaled Feature Values'!F13 -> 0.443 | E106: =C106-D106 -> 0 | F106: =E106^2 -> 0
B107: Insulin | C107: ='Scaled Feature Values'!G3 -> 0.5714 | D107: ='Scaled Feature Values'!G13 -> -0.056 | E107: =C107-D107 -> 0.6274 | F107: =E107^2 -> 0.39363076
B108: BMI | C108: ='Scaled Feature Values'!H3 -> 0.2248 | D108: ='Scaled Feature Values'!H13 -> 0.094 | E108: =C108-D108 -> 0.1308 | F108: =E108^2 -> 0.01710864
B109: DiabetesPedigreeFunction | C109: ='Scaled Feature Values'!I3 -> -0.1265 | D109: ='Scaled Feature Values'!I13 -> -0.5841 | E109: =C109-D109 -> 0.4576 | F109: =E109^2 -> 0.20939776
...

Sheet Distance Summary
A1: KNN Distance Summary – Top 10 Nearest Neighbours
A2: Formula: d = √ [ Σ (pᵢ − qᵢ)² ] for i = 1…8 features | All values are Z-score standardized
A3: Rank | B3: Train Index | C3: Distance Formula (expanded) | D3: Distance
A4: 1 | B4: Train [226] | C4: √[ (0.6399−(0.6399))² + (−0.7777−(−0.2188))² + (−1.1901−(−1.0246))² + (0.4430−(1.1259))² + (0.5714−(−0.1815))² + (0.2248−(0.1812))² + (−0.1265−(−0.6852))² + (0.8304−(0.5751))² ] | D4: =SQRT((0.6399-(0.6399))^2+(-0.7777-(-0.2188))^2+(-1.1901-(-1.0246))^2+(0.443-(1.1259))^2+(0.5714-(-0.1815))^2+(0.2248-(0.1812))^2+(-0.1265-(-0.6852))^2+(0.8304-(0.5751))^2) -> 1.323705
A5: 2 | B5: Train [521] | C5: √[ (0.6399−(0.9369))² + (−0.7777−(−0.2517))² + (−1.1901−(−0.5283))² + (0.4430−(−0.0123))² + (0.5714−(−0.1815))² + (0.2248−(0.0502))² + (−0.1265−(−0.6459))² + (0.8304−(0.7453))² ] | D5: =SQRT((0.6399-(0.9369))^2+(-0.7777-(-0.2517))^2+(-1.1901-(-0.5283))^2+(0.443-(-0.0123))^2+(0.5714-(-0.1815))^2+(0.2248-(0.0502))^2+(-0.1265-(-0.6459))^2+(0.8304-(0.7453))^2) -> 1.3727798
A6: 3 | B6: Train [403] | C6: √[ (0.6399−(0.6399))² + (−0.7777−(−0.9749))² + (−1.1901−(−0.8592))² + (0.4430−(0.3292))² + (0.5714−(−0.1700))² + (0.2248−(−0.0663))² + (−0.1265−(−1.1684))² + (0.8304−(1.0856))² ] | D6: =SQRT((0.6399-(0.6399))^2+(-0.7777-(-0.9749))^2+(-1.1901-(-0.8592))^2+(0.443-(0.3292))^2+(0.5714-(-0.17))^2+(0.2248-(-0.0663))^2+(-0.1265-(-1.1684))^2+(0.8304-(1.0856))^2) -> 1.3951448
A7: 4 | B7: Train [430] | C7: √[ (0.6399−(0.3430))² + (−0.7777−(−0.2847))² + (−1.1901−(−0.1920))² + (0.4430−(0.2156))² + (0.5714−(−0.1815))² + (0.2248−(0.1376))² + (−0.1265−(−0.4559))² + (0.8304−(0.5751))² ] | D7: =SQRT((0.6399-(0.343))^2+(-0.7777-(-0.2847))^2+(-1.1901-(-0.192))^2+(0.443-(0.2156))^2+(0.5714-(-0.1815))^2+(0.2248-(0.1376))^2+(-0.1265-(-0.4559))^2+(0.8304-(0.5751))^2) -> 1.4585121
A8: 5 | B8: Train [321] | C8: √[ (0.6399−(0.6399))² + (−0.7777−(−0.4823))² + (−1.1901−(−0.6920))² + (0.4430−(0.6696))² + (0.5714−(0.5714))² + (0.2248−(0.4710))² + (−0.1265−(−0.3553))² + (0.8304−(0.5751))² ] | D8: =SQRT((0.6399-(0.6399))^2+(-0.7777-(-0.4823))^2+(-1.1901-(-0.692))^2+(0.443-(0.6696))^2+(0.5714-(0.5714))^2+(0.2248-(0.471))^2+(-0.1265-(-0.3553))^2+(0.8304-(0.5751))^2) -> 0.75156789
A9: 6 | B9: Train [90] | C9: √[ (0.6399−(0.6399))² + (−0.7777−(−0.4823))² + (−1.1901−(−0.3556))² + (0.4430−(0.4430))² + (0.5714−(0.5714))² + (0.2248−(0.6581))² + (−0.1265−(−0.8754))² + (0.8304−(0.4300))² ] | D9: =SQRT((0.6399-(0.6399))^2+(-0.7777-(-0.4823))^2+(-1.1901-(-0.3556))^2+(0.443-(0.443))^2+(0.5714-(0.5714))^2+(0.2248-(0.6581))^2+(-0.1265-(-0.8754))^2+(0.8304-(0.43))^2) -> 1.3009887
A10: 7 | B10: Train [18] | C10: √[ (0.6399−(0.3430))² + (−0.7777−(−0.6130))² + (−1.1901−(−0.3556))² + (0.4430−(0.5563))² + (0.5714−(−0.2070))² + (0.2248−(0.3565))² + (−0.1265−(−0.8037))² + (0.8304−(0.5751))² ] | D10: =SQRT((0.6399-(0.343))^2+(-0.7777-(-0.613))^2+(-1.1901-(-0.3556))^2+(0.443-(0.5563))^2+(0.5714-(-0.207))^2+(0.2248-(0.3565))^2+(-0.1265-(-0.8037))^2+(0.8304-(0.5751))^2) -> 1.4041126
A11: 8 | B11: Train [213] | C11: √[ (0.6399−(0.6399))² + (−0.7777−(−0.3516))² + (−1.1901−(−0.5283))² + (0.4430−(0.6696))² + (0.5714−(−0.1815))² + (0.2248−(0.4284))² + (−0.1265−(−0.2546))² + (0.8304−(1.0856))² ] | D11: =SQRT((0.6399-(0.6399))^2+(-0.7777-(-0.3516))^2+(-1.1901-(-0.5283))^2+(0.443-(0.6696))^2+(0.5714-(-0.1815))^2+(0.2248-(0.4284))^2+(-0.1265-(-0.2546))^2+(0.8304-(1.0856))^2) -> 1.1665059
A12: 9 | B12: Train [260] | C12: √[ (0.6399−(0.6399))² + (−0.7777−(−0.9091))² + (−1.1901−(−1.1901))² + (0.4430−(0.4430))² + (0.5714−(0.5714))² + (0.2248−(0.3565))² + (−0.1265−(−0.5841))² + (0.8304−(0.7453))² ] | D12: =SQRT((0.6399-(0.6399))^2+(-0.7777-(-0.9091))^2+(-1.1901-(-1.1901))^2+(0.443-(0.443))^2+(0.5714-(0.5714))^2+(0.2248-(0.3565))^2+(-0.1265-(-0.5841))^2+(0.8304-(0.7453))^2) -> 0.50124906
A13: 10 | B13: Train [412] | C13: √[ (0.6399−(0.6399))² + (−0.7777−(−0.5152))² + (−1.1901−(−0.5283))² + (0.4430−(0.4430))² + (0.5714−(−0.0560))² + (0.2248−(0.0940))² + (−0.1265−(−0.5841))² + (0.8304−(1.0856))² ] | D13: =SQRT((0.6399-(0.6399))^2+(-0.7777-(-0.5152))^2+(-1.1901-(-0.5283))^2+(0.443-(0.443))^2+(0.5714-(-0.056))^2+(0.2248-(0.094))^2+(-0.1265-(-0.5841))^2+(0.8304-(1.0856))^2) -> 1.0918561
A15: K=3 Vote: Neighbour #1 → Diabetic | Neighbour #2 → Diabetic | Neighbour #3 → Non-diabetic ➜ Majority = DIABETIC (1)

Sheet Model Accuracy (K=3,5,7)
A1: KNN Model Evaluation – Accuracy & Confusion Matrix
A2: K | B2: Accuracy (%) | C2: TN | D2: FP | E2: FN | F2: TP | G2: Precision | H2: Recall
A3: 3 | B3: =D3/(C3+D3+E3+F3) -> 0.16233766 | C3: 74 | D3: 25 | E3: 20 | F3: 35 | G3: =F3/(F3+D3) -> 0.58333333 | H3: =F3/(F3+E3) -> 0.63636364
A4: 5 | B4: =D4/(C4+D4+E4+F4) -> 0.15584416 | C4: 75 | D4: 24 | E4: 17 | F4: 38 | G4: =F4/(F4+D4) -> 0.61290323 | H4: =F4/(F4+E4) -> 0.69090909
A5: 7 | B5: =D5/(C5+D5+E5+F5) -> 0.16233766 | C5: 74 | D5: 25 | E5: 19 | F5: 36 | G5: =F5/(F5+D5) -> 0.59016393 | H5: =F5/(F5+E5) -> 0.65454545
A6: LR | B6: 0.7532 | C6: — | D6: — | E6: — | F6: — | G6: — | H6: —
